,Mean,Median,Mode,Std,Min,Max,1,2,3,4,5,6,7,8,9
Score 1,3.954847277556441,4.0,4.0,0.8033502288676291,1.0,9.0,1.0,76.0,1676.0,2856.0,1298.0,94.0,20.0,2.0,1.0
