,Mean,Median,Mode,Std,Min,Max,2,3,4,5,6,7
Score 1,3.709719222462203,4.0,3.0,0.8300332600207344,2.0,7.0,64.0,972.0,913.0,309.0,52.0,5.0
