,Mean,Median,Mode,Std,Min,Max,2,3,4,5,6
Score 1,3.6242105263157893,4.0,4.0,0.754525405309601,2.0,6.0,45.0,380.0,413.0,111.0,1.0
